snr_db_target,snr_db_achieved,qc_ok,qc_reasons,n_beats_reference,n_peaks_found,abs_err_ci_lo_s,abs_err_ci_hi_s,n_beats,n_predictions,detection_rate,precision,f1,mean_abs_error_s,median_abs_error_s,bias_s,scatter_s,success_within_30ms,success_within_30ms_debiased,success_within_70ms,success_within_70ms_debiased
-30.0,-30.0,False,abp_out_of_physiologic_range,940,1687,0.0703015091863517,0.07733595800524934,940,1686,0.675531914893617,0.3766310794780546,0.4836252856054836,0.0737007874015748,0.075,-0.004461942257217848,0.08656967161871208,0.2204724409448819,0.26614173228346455,0.49921259842519683,0.47401574803149604
-28.0,-28.0,False,abp_out_of_physiologic_range,940,1688,0.07022403192046049,0.07708071690214548,940,1687,0.6776595744680851,0.3775933609958506,0.48496383707651314,0.07370486656200942,0.075,-0.004474097331240188,0.0864755464260255,0.21664050235478807,0.2621664050235479,0.49921507064364207,0.4740973312401884
-26.0,-26.0,False,abp_out_of_physiologic_range,940,1690,0.06971228615863143,0.07691809227579056,940,1689,0.6840425531914893,0.38069863824748373,0.4891593761886649,0.07319854847071021,0.06666666666666667,-0.0034473820632452043,0.08615364842337048,0.223950233281493,0.2690513219284603,0.5007776049766719,0.4774494556765163
-24.0,-24.0,False,abp_out_of_physiologic_range,940,1689,0.06927147832817337,0.07615034829721362,940,1688,0.6872340425531915,0.38270142180094785,0.4916286149162861,0.07266511867905057,0.06666666666666667,-0.004321465428276573,0.08549774153883385,0.22291021671826625,0.2678018575851393,0.5092879256965944,0.48297213622291024
-22.0,-22.0,False,abp_out_of_physiologic_range,940,1689,0.06878498972778634,0.07600186183872625,940,1688,0.6904255319148936,0.384478672985782,0.4939117199391172,0.0725346687211094,0.06666666666666667,-0.0033256291730868,0.0853703520729827,0.22342064714946072,0.22342064714946072,0.5084745762711864,0.5084745762711864
-20.0,-20.0,False,abp_out_of_physiologic_range,940,1694,0.06853787303995955,0.07535502023267576,940,1693,0.701063829787234,0.38924985233313647,0.5005696923661223,0.07185128983308042,0.06666666666666667,-0.0012139605462822458,0.08483473920850511,0.2276176024279211,0.2276176024279211,0.5159332321699545,0.5159332321699545
-18.0,-18.0,False,abp_out_of_physiologic_range,940,1694,0.06760006313131314,0.07459627525252524,940,1693,0.7021276595744681,0.38984051978735973,0.5013292821876187,0.07098484848484848,0.06666666666666667,-5.050505050505058e-05,0.08409624001059743,0.23333333333333334,0.23333333333333334,0.5257575757575758,0.5257575757575758
-16.0,-16.0,False,abp_out_of_physiologic_range,940,1703,0.06774689054726368,0.07440329601990049,940,1703,0.7127659574468085,0.3934233705226072,0.5069996216420734,0.07115671641791044,0.06666666666666667,0.0021268656716417907,0.08416091349999967,0.22835820895522388,0.22835820895522388,0.5238805970149254,0.5238805970149254
-14.0,-14.0,False,abp_out_of_physiologic_range,940,1712,0.06751025084418716,0.07371050410033768,940,1712,0.7351063829787234,0.4036214953271028,0.5211161387631976,0.07064640617462616,0.06666666666666667,0.004582730342498794,0.08347854418737088,0.23299565846599132,0.2633863965267728,0.5296671490593343,0.507959479015919
-12.0,-12.0,False,abp_out_of_physiologic_range,940,1724,0.06676133665716999,0.07355175688509022,940,1724,0.7468085106382979,0.4071925754060325,0.527027027027027,0.06993114909781575,0.06666666666666667,0.00722934472934473,0.08255493502227279,0.23646723646723647,0.24216524216524216,0.5327635327635327,0.5370370370370371
-10.0,-10.0,False,abp_out_of_physiologic_range,940,1730,0.06406544256120528,0.07058645244821093,940,1729,0.7531914893617021,0.40948525159051474,0.5305357811914575,0.06730225988700565,0.058333333333333334,0.008968926553672317,0.07983099286074744,0.25,0.2528248587570621,0.5621468926553672,0.5621468926553672
-8.0,-8.0,False,abp_out_of_physiologic_range,940,1735,0.060947203196347034,0.06705593607305936,940,1734,0.776595744680851,0.4209919261822376,0.5459985041136873,0.06396118721461187,0.058333333333333334,0.012089041095890412,0.07579030884559074,0.26438356164383564,0.30273972602739724,0.5958904109589042,0.5657534246575342
-6.0,-6.0,False,abp_out_of_physiologic_range,940,1756,0.05845269097222222,0.0644113498263889,940,1755,0.8170212765957446,0.4376068376068376,0.5699443413729128,0.06161024305555555,0.058333333333333334,0.010134548611111112,0.07373923421676518,0.28125,0.2825520833333333,0.62109375,0.6145833333333334
-4.0,-4.0,False,abp_out_of_physiologic_range,940,1756,0.05634408602150538,0.06254838709677418,940,1755,0.824468085106383,0.4415954415954416,0.575139146567718,0.059365591397849464,0.05,0.01024731182795699,0.07172173267021772,0.3058064516129032,0.3006451612903226,0.6438709677419355,0.6374193548387097
-2.0,-2.0,False,abp_out_of_physiologic_range,940,1766,0.05477628285356696,0.06023153942428035,940,1765,0.85,0.4526912181303116,0.5907578558225508,0.05735294117647059,0.05,0.0073112223612849395,0.07010703369562643,0.32290362953692114,0.3166458072590738,0.6608260325406758,0.6583229036295369
0.0,0.0,False,abp_out_of_physiologic_range,940,1773,0.052225796568627456,0.05748774509803921,940,1772,0.8680851063829788,0.4604966139954853,0.6017699115044248,0.05500408496732027,0.05,0.0033700980392156856,0.06776599738931788,0.3382352941176471,0.3713235294117647,0.6764705882352942,0.6495098039215687
2.0,2.0,False,abp_out_of_physiologic_range,940,1772,0.05170787823624596,0.05707928802588996,940,1771,0.8765957446808511,0.4652738565782044,0.6078937661379564,0.05443972491909385,0.041666666666666664,-0.002133899676375405,0.06753266024115855,0.3446601941747573,0.3446601941747573,0.6747572815533981,0.6747572815533981
4.0,4.0,False,abp_out_of_physiologic_range,940,1761,0.05039461678832117,0.05564730332522303,940,1760,0.874468085106383,0.46704545454545454,0.6088888888888889,0.052909570154095704,0.041666666666666664,-0.007512165450121653,0.06560966233707961,0.3613138686131387,0.3759124087591241,0.6824817518248175,0.6824817518248175
6.0,6.0,True,,940,1741,0.047764227642276426,0.052969004065040654,940,1740,0.8723404255319149,0.47126436781609193,0.6119402985074627,0.05031504065040651,0.041666666666666664,-0.009217479674796749,0.06316902729046975,0.3975609756097561,0.4060975609756098,0.7036585365853658,0.7048780487804878
8.0,8.0,True,,940,1695,0.04603000621890548,0.05148243159203981,940,1694,0.8553191489361702,0.47461629279811096,0.6104783599088838,0.048642205638474295,0.03333333333333333,-0.011370232172470978,0.061402204135916405,0.4253731343283582,0.43283582089552236,0.7126865671641791,0.7213930348258707
10.0,10.0,True,,940,1571,0.04486120420017873,0.05058199285075961,940,1570,0.7936170212765957,0.4751592356687898,0.5944223107569722,0.04776586237712244,0.03333333333333333,-0.010880250223413762,0.061623898558713114,0.45576407506702415,0.46112600536193027,0.7091152815013405,0.7198391420911529
12.0,12.0,True,,940,1408,0.04372846918971373,0.04996391314895682,940,1408,0.7308510638297873,0.48792613636363635,0.5851788756388415,0.0467976710334789,0.03333333333333333,-0.009364386220281417,0.06205912207987277,0.4963609898107715,0.49199417758369723,0.7001455604075691,0.7132459970887919
14.0,14.0,True,,940,1216,0.04296173878205129,0.049960269764957266,940,1216,0.6638297872340425,0.5131578947368421,0.5788497217068646,0.04639423076923077,0.025,-0.003952991452991453,0.06384903567907721,0.5432692307692307,0.5689102564102564,0.6923076923076923,0.6842948717948718
16.0,16.0,True,,940,1069,0.03812880044223328,0.04499792703150912,940,1069,0.6414893617021277,0.5640785781103835,0.600298656047785,0.04162520729684909,0.016666666666666666,0.004643449419568822,0.06061989381842708,0.6102819237147595,0.6301824212271974,0.7396351575456053,0.7296849087893864
18.0,18.0,True,,940,978,0.03373136315228967,0.040282547923322684,940,978,0.6659574468085107,0.6400817995910021,0.6527632950990615,0.03690095846645367,0.016666666666666666,0.008413205537806178,0.056269538171867514,0.6629392971246006,0.6501597444089456,0.7763578274760383,0.7843450479233227
20.0,20.0,True,,940,951,0.02566879562043796,0.031521289537712896,940,951,0.7287234042553191,0.7202944269190326,0.7244843997884717,0.02846715328467153,0.008333333333333333,0.004111922141119221,0.047597618602507684,0.7489051094890511,0.7649635036496351,0.8467153284671532,0.8379562043795621
22.0,22.0,True,,940,947,0.020247646923783287,0.025241333792470153,940,947,0.7723404255319148,0.7666314677930306,0.7694753577106518,0.022761707988980716,0.008333333333333333,0.0023989898989898984,0.04082111909173538,0.8085399449035813,0.8085399449035813,0.8884297520661157,0.8884297520661157
24.0,24.0,True,,940,941,0.015671746649373108,0.019779777345438822,940,941,0.8202127659574469,0.8193411264612115,0.8197767145135566,0.017574578469520104,0.008333333333333333,0.0013402507565931688,0.03370958355763678,0.8573281452658884,0.8573281452658884,0.9286640726329443,0.9286640726329443
26.0,26.0,True,,940,939,0.012176865518655185,0.015601168511685116,940,939,0.8648936170212767,0.865814696485623,0.8653539116551358,0.01380688806888069,0.008333333333333333,0.0009942599425994262,0.027937364681531032,0.8843788437884379,0.8843788437884379,0.9544895448954489,0.9544895448954489
28.0,28.0,True,,940,939,0.009789932619896947,0.01256440745144669,940,939,0.8946808510638298,0.8956336528221512,0.895156998403406,0.011177170035671818,0.008333333333333333,0.0011890606420927464,0.023550735281073217,0.9048751486325802,0.9048751486325802,0.9667063020214031,0.9667063020214031
30.0,30.0,True,,940,940,0.00790205938697318,0.010440613026819924,940,940,0.925531914893617,0.925531914893617,0.925531914893617,0.009137931034482757,0.0,0.0007662835249042145,0.021241487811612995,0.9229885057471264,0.9229885057471264,0.9735632183908046,0.9735632183908046
32.0,32.0,True,,940,939,0.006346280602636535,0.008559322033898304,940,939,0.9414893617021277,0.9424920127795527,0.9419904204364024,0.007410546139359698,0.0,0.000649717514124294,0.01850845215674366,0.9378531073446328,0.9378531073446328,0.9796610169491525,0.9796610169491525
34.0,34.0,True,,940,940,0.004992344097995546,0.006969190794357831,940,940,0.9553191489361702,0.9553191489361702,0.9553191489361702,0.005929844097995545,0.0,0.00028767631774313286,0.01588246451622939,0.9510022271714922,0.9510022271714922,0.9844097995545658,0.9844097995545658
36.0,36.0,True,,940,940,0.00388215859030837,0.005506607929515419,940,940,0.9659574468085106,0.9659574468085106,0.9659574468085106,0.004625550660792952,0.0,0.000422173274596182,0.013433878891839003,0.9625550660792952,0.9625550660792952,0.9900881057268722,0.9900881057268722
38.0,38.0,True,,940,940,0.003051443713450292,0.004541529605263157,940,940,0.9702127659574468,0.9702127659574468,0.9702127659574468,0.0037006578947368415,0.0,9.137426900584789e-06,0.011671491873377397,0.9714912280701754,0.9714912280701754,0.993421052631579,0.993421052631579
40.0,40.0,True,,940,940,0.0024897764449291165,0.003817021083242457,940,940,0.975531914893617,0.975531914893617,0.975531914893617,0.0031261359505634317,0.0,9.087604507451838e-05,0.010819906636170024,0.9749182115594329,0.9749182115594329,0.9945474372955289,0.9945474372955289
